{"binary_precision":0.922362374107754,"binary_accuracy":99.8498445030031,"final_precision":0.922362374107754,"_timestamp":1.7417944078828137e+09,"final_best_threshold":"model_optimal","_runtime":36.5351436,"final_accuracy":99.8498445030031,"binary_f1":0.9490894456182715,"_step":1,"_wandb":{"runtime":36},"binary_recall":0.9774116671847477,"final_recall":0.9774116671847477,"confusion_matrix":{"_type":"image-file","sha256":"6e55d3fe519dc779b59ab42f9bcda38fad3a134835700cd6cc992ba8c14245d5","size":18520,"path":"media/images/confusion_matrix_0_6e55d3fe519dc779b59a.png","format":"png","width":800,"height":600},"final_f1":0.9490894456182715}