{"val/prob_gap":1921.1302490234375,"val/pos_prob_mean":1974.2630615234375,"val/precision":0.4207159153974225,"val/accuracy":0.9816715333665693,"train/auc":0.9765407102076148,"val/loss":-8.259978823161598,"val/auc":0.9891277782877428,"train/prob_gap":1841.8031005859375,"train/optimal_threshold":1135.45068359375,"train/neg_prob_std":355.18536376953125,"train/precision":0.34799491079994993,"train/loss":-8.249100607002537,"val/neg_prob_mean":53.13277053833008,"train/accuracy":0.978227029006888,"_runtime":13824.8603658,"val/neg_prob_std":289.2413635253906,"_wandb":{"runtime":13844},"epoch":99,"train/neg_prob_mean":69.8363265991211,"train/recall":0.591138851818171,"val/recall":0.7573049920914615,"train/f1":0.4380916120731531,"val/f1":0.5409246320796789,"train/pos_prob_std":1571.241943359375,"val/pos_prob_std":1198.06640625,"train/pos_prob_mean":1911.639404296875,"val/optimal_threshold":975.586181640625,"_timestamp":1.741855783385285e+09,"learning_rate":3.75e-05,"_step":99}