{"_timestamp":1.7417745783188e+09,"final_recall":0.9774116671847477,"final_accuracy":99.8498445030031,"_wandb":{"runtime":26},"final_precision":0.922362374107754,"binary_accuracy":99.8498445030031,"binary_recall":0.9774116671847477,"final_f1":0.9490894456182715,"binary_precision":0.922362374107754,"_runtime":26.127768,"confusion_matrix":{"sha256":"6e55d3fe519dc779b59ab42f9bcda38fad3a134835700cd6cc992ba8c14245d5","size":18520,"path":"media/images/confusion_matrix_0_6e55d3fe519dc779b59a.png","format":"png","width":800,"height":600,"_type":"image-file"},"final_best_threshold":"model_optimal","binary_f1":0.9490894456182715,"_step":1}