{"val/auc":0.9535214810180013,"train/accuracy":0.9774224973801214,"val/f1":0.2841911997467553,"train/recall":0.5671347418893862,"train/pos_prob_std":2687.565673828125,"_wandb":{"runtime":9684},"train/loss":-8.246907587271213,"val/neg_prob_mean":18.10603904724121,"train/neg_prob_mean":74.16741943359375,"train/auc":0.9664536984696506,"_step":99,"val/accuracy":0.9552651362280306,"val/pos_prob_mean":220.13644409179688,"train/optimal_threshold":1041.1322021484375,"epoch":99,"val/optimal_threshold":136.22584533691406,"val/neg_prob_std":60.32659912109375,"val/pos_prob_std":181.82984924316406,"learning_rate":3.75e-05,"train/prob_gap":2253.524658203125,"train/f1":0.41905609623603485,"val/prob_gap":202.03041076660156,"_timestamp":1.7418396019033034e+09,"train/precision":0.33229421472734383,"val/loss":-8.256154300230822,"train/neg_prob_std":485.8762512207031,"_runtime":9672.6869021,"val/recall":0.6228043399839054,"val/precision":0.1840984964687933,"train/pos_prob_mean":2327.692138671875}