{"train/neg_prob_std":5.126215934753418,"val/precision":0.17479383291502332,"val/prob_gap":3.8609256744384766,"train/auc":0.6758401458935406,"val/neg_prob_std":1.769684076309204,"val/pos_prob_mean":5.092939853668213,"val/recall":0.24349973638205177,"train/recall":0.16006873501588464,"val/loss":-6.682742123664669,"val/pos_prob_std":6.226057529449463,"_wandb":{"runtime":5039},"train/loss":-6.174555054793998,"learning_rate":0.0003,"_runtime":4774.1370672,"train/f1":0.12849020337448538,"train/precision":0.1073183284834808,"val/auc":0.7708075524982381,"val/f1":0.20350421503032273,"train/pos_prob_mean":8.856739044189453,"_step":14,"val/neg_prob_mean":1.2320142984390259,"train/prob_gap":6.454213619232178,"_timestamp":1.741817650737885e+09,"val/optimal_threshold":7.1246256828308105,"train/pos_prob_std":16.94013023376465,"val/accuracy":0.9728220528768923,"train/neg_prob_mean":2.4025254249572754,"epoch":14,"train/optimal_threshold":15.1085844039917,"train/accuracy":0.9688228521235429}