{"val/accuracy":0.9747161091723445,"train/recall":0.16445620209511888,"val/neg_prob_mean":0.49252066016197205,"val/recall":0.266725865083109,"_runtime":1204.1208788,"train/neg_prob_mean":0.8226571679115295,"train/neg_prob_std":1.6264193058013916,"train/precision":0.14104265210829645,"val/precision":0.20412410541740109,"train/loss":-5.213004937762679,"val/pos_prob_std":5.021728038787842,"train/pos_prob_std":6.5688958168029785,"train/optimal_threshold":5.370580673217773,"val/f1":0.2312633832976445,"val/optimal_threshold":4.177321434020996,"_wandb":{"runtime":1329},"val/loss":-5.464432164628496,"train/auc":0.6808065013076214,"val/prob_gap":2.858921527862549,"train/f1":0.15185221535206814,"learning_rate":0.001,"epoch":2,"val/auc":0.7587686599755743,"train/prob_gap":2.5267739295959473,"train/accuracy":0.9736228256704006,"val/neg_prob_std":1.1627323627471924,"_timestamp":1.7417418451445067e+09,"val/pos_prob_mean":3.3514420986175537,"_step":2,"train/pos_prob_mean":3.349431037902832}