{"_timestamp":1.7417743900866003e+09,"binary_accuracy":99.85058637798826,"binary_precision":0.9254271989920466,"_wandb":{"runtime":25},"_step":0,"binary_f1":0.9491676005290204,"confusion_matrix":{"width":800,"height":600,"_type":"image-file","sha256":"88136078388cbebcc987867ed4f931697c447f92f86d0ced2893ca29887e92d0","size":18682,"path":"media/images/confusion_matrix_0_88136078388cbebcc987.png","format":"png"},"_runtime":25.6990963,"binary_recall":0.9741581183297068}