{"_wandb":{"runtime":26},"_runtime":26.3707043,"binary_precision":0.922362374107754,"binary_recall":0.9774116671847477,"confusion_matrix":{"format":"png","width":800,"height":600,"_type":"image-file","sha256":"6e55d3fe519dc779b59ab42f9bcda38fad3a134835700cd6cc992ba8c14245d5","size":18520,"path":"media/images/confusion_matrix_0_6e55d3fe519dc779b59a.png"},"_timestamp":1.7417744985200799e+09,"binary_f1":0.9490894456182715,"_step":0,"binary_accuracy":99.8498445030031}