{"val/auc":0.8045406000631122,"train/neg_prob_mean":2.3050427436828613,"val/precision":0.2361909199151007,"val/pos_prob_std":3.1560041904449463,"val/neg_prob_std":1.0106310844421387,"learning_rate":0.0003,"train/precision":0.1055111393657985,"val/f1":0.24440545861177698,"_step":7,"val/recall":0.2532119765796265,"train/recall":0.15484865305351175,"_runtime":2974.4597095,"train/accuracy":0.9690165026910985,"val/loss":-6.432700595079174,"val/accuracy":0.9776760914464782,"_timestamp":1.7418021792185092e+09,"val/pos_prob_mean":3.639005184173584,"train/pos_prob_mean":7.931644439697266,"epoch":7,"train/auc":0.6714153121531751,"train/neg_prob_std":4.588605880737305,"_wandb":{"runtime":3243},"val/optimal_threshold":5.112612724304199,"val/prob_gap":2.3972110748291016,"train/prob_gap":5.626601696014404,"train/f1":0.12550522998284191,"val/neg_prob_mean":1.2417939901351929,"train/loss":-6.357049420368259,"train/optimal_threshold":13.891043663024902,"train/pos_prob_std":15.025588989257812}