{"binary_precision":0.5753278574058323,"final_f1":0.7135344501826426,"binary_accuracy":98.92018612159627,"final_best_threshold":"model_optimal","_step":1,"final_recall":0.9391358408455083,"_timestamp":1.7417750798469467e+09,"final_precision":0.5753278574058323,"binary_recall":0.9391358408455083,"final_accuracy":98.92018612159627,"_wandb":{"runtime":26},"confusion_matrix":{"sha256":"6e18effca5c14ff6bf6b46447a0d5710f7f481dc603e350a4d6ae8929c46158a","size":18961,"path":"media/images/confusion_matrix_0_6e18effca5c14ff6bf6b.png","format":"png","width":800,"height":600,"_type":"image-file"},"binary_f1":0.7135344501826426,"_runtime":26.6316714}