{"train/prob_gap":11.203533172607422,"_timestamp":1.7418127844027572e+09,"val/precision":0.17503510488915366,"val/loss":-5.687209040186099,"train/neg_prob_std":8.697826385498047,"val/f1":0.19814785823528705,"val/accuracy":0.9736545355269093,"val/pos_prob_std":3.5030360221862793,"val/optimal_threshold":3.5279808044433594,"train/accuracy":0.971743804707981,"train/recall":0.1545947350395049,"epoch":31,"learning_rate":0.00015,"train/pos_prob_std":27.701650619506836,"_step":31,"val/neg_prob_std":0.9642148613929749,"train/optimal_threshold":30.91806983947754,"val/prob_gap":1.9749577045440674,"train/precision":0.121046791196597,"val/pos_prob_mean":2.6100289821624756,"val/recall":0.2282931431584205,"val/auc":0.7840438304926158,"train/loss":-6.756521039377488,"_wandb":{"runtime":10387},"train/auc":0.6468101694182616,"train/neg_prob_mean":5.637009143829346,"train/f1":0.1357792265044369,"train/pos_prob_mean":16.84054183959961,"_runtime":10315.3735494,"val/neg_prob_mean":0.635071337223053}