{"train/precision":0.4309225142093421,"_wandb":{"runtime":7966},"train/neg_prob_mean":79.26541137695312,"val/pos_prob_std":2197.67431640625,"val/recall":0.7582207175958043,"val/optimal_threshold":2789.546142578125,"val/loss":-8.265493392944336,"val/auc":0.9912852738937684,"train/accuracy":0.9823465124244983,"_runtime":7946.5828194,"train/neg_prob_std":489.84405517578125,"val/neg_prob_std":601.9729614257812,"val/neg_prob_mean":91.46422576904297,"train/auc":0.9881458000534972,"val/accuracy":0.9841424716504839,"val/pos_prob_mean":4563.93115234375,"val/prob_gap":4472.466796875,"train/pos_prob_mean":3362.648193359375,"learning_rate":5e-05,"_timestamp":1.7416966928950744e+09,"train/pos_prob_std":2189.793212890625,"train/optimal_threshold":1820.7838134765625,"train/recall":0.7158775524665478,"val/precision":0.46557276491335686,"_step":99,"val/f1":0.5769060236893778,"train/f1":0.5379974482720363,"train/loss":-8.261321650496042,"epoch":99,"train/prob_gap":3283.3828125}