{"val/pos_prob_mean":19.748878479003906,"_runtime":2154.1728541,"val/f1":0.2254595722621722,"train/recall":0.16919797337994402,"val/neg_prob_mean":5.262814998626709,"train/neg_prob_mean":2.6608452796936035,"_timestamp":1.74184177361358e+09,"train/loss":-6.325861855674474,"val/prob_gap":14.486063003540039,"train/pos_prob_std":22.834257125854492,"train/precision":0.13895327972997876,"val/recall":0.23534145461608902,"_wandb":{"runtime":2323},"train/accuracy":0.9730172861110828,"val/neg_prob_std":6.528085708618164,"val/optimal_threshold":31.290719985961914,"val/precision":0.2163741198081437,"val/accuracy":0.9769441081277845,"_step":14,"train/neg_prob_std":5.6338605880737305,"train/pos_prob_mean":11.688838958740234,"epoch":14,"train/f1":0.1525913854805726,"val/auc":0.7788490834133251,"train/optimal_threshold":18.13959503173828,"train/auc":0.7171932744254453,"train/prob_gap":9.027994155883789,"val/loss":-5.080334228849353,"val/pos_prob_std":20.467233657836914,"learning_rate":0.0003}