{"_wandb":{"runtime":5798},"train/neg_prob_std":27.580636978149414,"val/neg_prob_std":34.106056213378906,"val/recall":0.25978855065626993,"val/pos_prob_std":148.0887908935547,"epoch":55,"val/pos_prob_mean":113.91060638427734,"train/auc":0.7510588912996035,"train/pos_prob_std":119.03849029541016,"train/f1":0.185716143293674,"val/auc":0.8248815588931311,"train/prob_gap":56.20423126220703,"train/neg_prob_mean":13.22552490234375,"val/precision":0.2616984402079723,"_runtime":5781.8971256,"val/neg_prob_mean":16.078079223632812,"learning_rate":0.000125,"train/optimal_threshold":95.73959350585938,"_step":55,"_timestamp":1.7417025008633337e+09,"train/loss":-7.246550221085724,"val/prob_gap":97.83252716064453,"train/accuracy":0.974514432223997,"val/loss":-7.592537437855956,"train/precision":0.1715632789117008,"val/f1":0.26073999805043796,"train/pos_prob_mean":69.42975616455078,"val/accuracy":0.9789952440867618,"train/recall":0.2024139926540928,"val/optimal_threshold":153.2332763671875}