{"_wandb":{"runtime":25},"_step":1,"final_best_threshold":"model_optimal","confusion_matrix":{"path":"media/images/confusion_matrix_0_2b5f3e71d730dea5530a.png","format":"png","width":800,"height":600,"_type":"image-file","sha256":"2b5f3e71d730dea5530a375e1937c36cbe428f5b253e9e92b5cd4776ddb8bd9f","size":18519},"_runtime":25.5387887,"final_f1":0.9318804879017839,"binary_f1":0.9318804879017839,"binary_accuracy":99.79648885407022,"_timestamp":1.7417746962006326e+09,"final_accuracy":99.79648885407022,"binary_precision":0.894851300051506,"final_precision":0.894851300051506,"final_recall":0.9721065174593306,"binary_recall":0.9721065174593306}