{"_wandb":{"runtime":40},"final_f1":0.9491676005290204,"_timestamp":1.7417944840846615e+09,"final_recall":0.9741581183297068,"final_best_threshold":"model_optimal","binary_f1":0.9491676005290204,"binary_accuracy":99.85058637798826,"final_accuracy":99.85058637798826,"confusion_matrix":{"size":18682,"path":"media/images/confusion_matrix_0_88136078388cbebcc987.png","format":"png","width":800,"height":600,"_type":"image-file","sha256":"88136078388cbebcc987867ed4f931697c447f92f86d0ced2893ca29887e92d0"},"binary_recall":0.9741581183297068,"final_precision":0.9254271989920466,"_step":1,"binary_precision":0.9254271989920466,"_runtime":40.6364561}