{"_timestamp":1.7417748982599895e+09,"final_f1":0.824045534150613,"_wandb":{"runtime":26},"_step":1,"binary_recall":0.9750906641798778,"binary_accuracy":99.40371056192578,"final_precision":0.7135188414587914,"confusion_matrix":{"height":600,"_type":"image-file","sha256":"feea9717f9473987276376e70ed0172ae35a65d07e379b39d0171fd646cfc7db","size":18935,"path":"media/images/confusion_matrix_0_feea9717f94739872763.png","format":"png","width":800},"binary_precision":0.7135188414587914,"binary_f1":0.824045534150613,"final_accuracy":99.40371056192578,"_runtime":26.2306285,"final_best_threshold":"model_optimal","final_recall":0.9750906641798778}