{"val/neg_prob_mean":2.794029712677002,"_wandb":{"runtime":5129},"val/recall":0.2659766351250104,"val/optimal_threshold":16.30673599243164,"train/pos_prob_std":14.350464820861816,"learning_rate":0.0003,"train/accuracy":0.9707202715855946,"val/precision":0.20905125408942202,"val/f1":0.23410309328709075,"_step":26,"val/accuracy":0.9751849741629672,"val/neg_prob_std":3.8358519077301025,"train/prob_gap":6.427356719970703,"train/recall":0.17955546632338526,"val/pos_prob_std":13.711525917053223,"train/auc":0.7190957324184537,"train/precision":0.12840468569208552,"_timestamp":1.7418726596432652e+09,"train/optimal_threshold":13.77822208404541,"val/pos_prob_mean":12.394243240356445,"val/prob_gap":9.600214004516602,"train/loss":-6.474572946006096,"epoch":26,"_runtime":5099.1039216,"val/loss":-6.809734400597955,"train/pos_prob_mean":8.87946891784668,"val/auc":0.8151392143948853,"train/neg_prob_mean":2.4521124362945557,"train/neg_prob_std":4.113541603088379,"train/f1":0.14973211999448482}