{"_wandb":{"runtime":2071},"train/loss":0.010323864884805184,"train/f1":0.8502619731373118,"val/precision":0.8573048183457872,"val/recall":0.8916282559759888,"_timestamp":1.7417669237812252e+09,"train/accuracy":0.9955924147310089,"_step":52,"train/auc":0.9988370657875421,"_runtime":1987.2367818,"val/accuracy":0.9962087220758256,"val/auc":0.999150780285112,"epoch":52,"val/f1":0.874129732285947,"train/recall":0.8731202896321624,"train/precision":0.8285699850110312,"learning_rate":0.0005,"val/loss":0.008978100412946976}