{"final_f1":0.8029704384252868,"_wandb":{"runtime":24},"binary_recall":0.8738990778157704,"final_best_threshold":"model_optimal","final_recall":0.8738990778157704,"confusion_matrix":{"sha256":"037138c1fb0635026ba9e609a0821ab08e677c7de69b459d493808e7d27bb717","size":18976,"path":"media/images/confusion_matrix_0_037138c1fb0635026ba9.png","format":"png","width":800,"height":600,"_type":"image-file"},"final_accuracy":99.38587588728248,"_step":1,"final_precision":0.7426910884114125,"_timestamp":1.7417946717884207e+09,"binary_accuracy":99.38587588728248,"_runtime":24.6256542,"binary_precision":0.7426910884114125,"binary_f1":0.8029704384252868}