{"binary_recall":0.9774116671847477,"binary_precision":0.922362374107754,"_wandb":{"runtime":25},"binary_accuracy":99.8498445030031,"_runtime":25.7234005,"_timestamp":1.7417743301227207e+09,"confusion_matrix":{"height":600,"_type":"image-file","sha256":"6e55d3fe519dc779b59ab42f9bcda38fad3a134835700cd6cc992ba8c14245d5","size":18520,"path":"media/images/confusion_matrix_0_6e55d3fe519dc779b59a.png","format":"png","width":800},"_step":0,"binary_f1":0.9490894456182715}