{"binary_precision":0.8718580674292595,"final_best_threshold":"model_optimal","final_accuracy":99.74108563017829,"binary_accuracy":99.74108563017829,"binary_f1":0.9139605747137771,"final_precision":0.8718580674292595,"final_recall":0.9603357165060615,"_step":1,"confusion_matrix":{"sha256":"7ecc832908a2713fb3cbc27f24abcc9c900627d278e648257298491504848b8d","size":18180,"path":"media/images/confusion_matrix_0_7ecc832908a2713fb3cb.png","format":"png","width":800,"height":600,"_type":"image-file"},"binary_recall":0.9603357165060615,"_timestamp":1.7417747570001967e+09,"final_f1":0.9139605747137771,"_wandb":{"runtime":26},"_runtime":26.8337796}