{"final_accuracy":99.38587588728248,"_timestamp":1.741774818834131e+09,"final_f1":0.8029704384252868,"_runtime":28.1258838,"_wandb":{"runtime":28},"final_recall":0.8738990778157704,"_step":1,"binary_precision":0.7426910884114125,"final_precision":0.7426910884114125,"binary_recall":0.8738990778157704,"binary_accuracy":99.38587588728248,"binary_f1":0.8029704384252868,"confusion_matrix":{"format":"png","width":800,"height":600,"_type":"image-file","sha256":"037138c1fb0635026ba9e609a0821ab08e677c7de69b459d493808e7d27bb717","size":18976,"path":"media/images/confusion_matrix_0_037138c1fb0635026ba9.png"},"final_best_threshold":"model_optimal"}