{"train/loss":0.01713070487162301,"_timestamp":1.741769060761514e+09,"train/precision":0.6520782690317456,"train/accuracy":0.9910250083937856,"val/precision":0.6910591922168432,"_runtime":1746.3023569,"val/loss":0.01786977265903025,"train/f1":0.719058778567201,"learning_rate":0.0005,"train/recall":0.8013748062611659,"epoch":44,"_step":44,"val/accuracy":0.9917001004993313,"train/auc":0.9965855027322176,"_wandb":{"runtime":1831},"val/recall":0.7918587201200558,"val/auc":0.9968891431243577,"val/f1":0.738033093974399}