{"val/neg_prob_std":468.4936218261719,"train/neg_prob_std":334.8133850097656,"val/auc":0.9887929957043362,"val/pos_prob_mean":3188.3564453125,"learning_rate":3.75e-05,"epoch":99,"val/precision":0.4268730484730084,"train/f1":0.42156815077726845,"train/recall":0.563201965207327,"val/pos_prob_std":1801.078857421875,"train/accuracy":0.9778090354438193,"train/prob_gap":1612.62841796875,"val/prob_gap":3104.774658203125,"val/loss":-8.260698154287974,"train/loss":-8.244801290908805,"val/optimal_threshold":1937.272705078125,"val/neg_prob_mean":83.58190155029297,"_timestamp":1.7419621616399426e+09,"_runtime":35840.1075269,"train/optimal_threshold":849.0509643554688,"train/pos_prob_mean":1669.29150390625,"train/auc":0.9644690575999121,"_wandb":{"runtime":35862},"val/accuracy":0.9822757163544856,"val/f1":0.5330150324208244,"val/recall":0.7094097732885646,"_step":99,"train/pos_prob_std":1742.689697265625,"train/neg_prob_mean":56.663116455078125,"train/precision":0.33685578661844484}