{"train/precision":0.1487583336620774,"val/precision":0.24876818395119663,"_runtime":13116.6173922,"val/loss":-8.050284915446559,"train/pos_prob_std":54.44778060913086,"val/prob_gap":30.538314819335938,"train/accuracy":0.9735634756715876,"train/prob_gap":24.924991607666016,"epoch":41,"train/auc":0.7035791983920147,"train/neg_prob_mean":9.95254898071289,"val/neg_prob_std":13.33840274810791,"val/recall":0.23536920387379637,"train/optimal_threshold":56.54388427734375,"train/f1":0.16212802777464275,"train/neg_prob_std":15.127202033996582,"val/accuracy":0.978962799420744,"val/pos_prob_mean":47.88813400268555,"val/optimal_threshold":70.32402801513672,"_wandb":{"runtime":13129},"val/neg_prob_mean":17.34981918334961,"val/pos_prob_std":42.07720947265625,"train/pos_prob_mean":34.877540588378906,"learning_rate":0.00015,"_step":41,"_timestamp":1.7419263032075498e+09,"train/loss":-7.643496476154709,"train/recall":0.17813824950102158,"val/f1":0.24188327891292258,"val/auc":0.7925626186103724}