{"_step":1,"binary_precision":0.6959995158264237,"binary_accuracy":99.33685278826295,"final_best_threshold":"model_optimal","final_precision":0.6959995158264237,"binary_f1":0.8045685501150008,"final_accuracy":99.33685278826295,"binary_recall":0.9532690912858771,"_wandb":{"runtime":26},"final_f1":0.8045685501150008,"_timestamp":1.7417750187739406e+09,"confusion_matrix":{"sha256":"23b14cd5f79c6dccded193a0ad2deab5ab0909f6a2e44c8bf075dc82790aa455","size":18940,"path":"media/images/confusion_matrix_0_23b14cd5f79c6dccded1.png","format":"png","width":800,"height":600,"_type":"image-file"},"_runtime":26.4784626,"final_recall":0.9532690912858771}