{"train/neg_prob_mean":64.76885986328125,"_timestamp":1.7417129548685043e+09,"train/neg_prob_std":387.2969970703125,"_runtime":10431.9833444,"train/accuracy":0.9780848433668745,"train/recall":0.5507186470303402,"val/recall":0.6796070705108639,"val/pos_prob_mean":1002.1859741210938,"train/f1":0.41915411426041743,"train/auc":0.9466326629566241,"train/pos_prob_mean":1883.0174560546875,"train/loss":-8.217876098110233,"train/optimal_threshold":962.6767578125,"val/neg_prob_mean":25.743146896362305,"_wandb":{"runtime":10449},"_step":99,"epoch":99,"val/pos_prob_std":912.1012573242188,"train/prob_gap":1818.24853515625,"val/optimal_threshold":365.22509765625,"val/precision":0.3924902642670556,"learning_rate":6.25e-05,"val/auc":0.9852581973448049,"train/pos_prob_std":2078.501953125,"val/prob_gap":976.4428100585938,"val/loss":-8.24784978333755,"train/precision":0.33832870798643233,"val/f1":0.49760250314925436,"val/accuracy":0.9804327010580126,"val/neg_prob_std":170.2328643798828}