{"_step":1,"_runtime":25.3310574,"_wandb":{"runtime":25},"binary_accuracy":99.85058637798826,"binary_recall":0.9741581183297068,"final_best_threshold":"model_optimal","_timestamp":1.7417746368204074e+09,"binary_precision":0.9254271989920466,"binary_f1":0.9491676005290204,"final_recall":0.9741581183297068,"final_f1":0.9491676005290204,"final_precision":0.9254271989920466,"confusion_matrix":{"width":800,"height":600,"_type":"image-file","sha256":"88136078388cbebcc987867ed4f931697c447f92f86d0ced2893ca29887e92d0","size":18682,"path":"media/images/confusion_matrix_0_88136078388cbebcc987.png","format":"png"},"final_accuracy":99.85058637798826}