{"binary_precision":0.6853476258775572,"_step":1,"binary_accuracy":99.29664316406713,"binary_recall":0.9407108071702415,"_timestamp":1.7417749582873046e+09,"binary_f1":0.7929775526246834,"_runtime":26.3158563,"confusion_matrix":{"path":"media/images/confusion_matrix_0_1c221ee3af738c2e0bd6.png","format":"png","width":800,"height":600,"_type":"image-file","sha256":"1c221ee3af738c2e0bd6d1626a560d19e3848268f3b2c868fc4ab440a7a9cacc","size":18972},"final_accuracy":99.29664316406713,"_wandb":{"runtime":26},"final_best_threshold":"model_optimal","final_f1":0.7929775526246834,"final_recall":0.9407108071702415,"final_precision":0.6853476258775572}