{"_runtime":3000.2979172,"learning_rate":0.0005,"val/loss":0.00844019296542418,"val/precision":0.8629415410039248,"train/loss":0.009665726985807671,"train/accuracy":0.9958672900112256,"val/accuracy":0.9963582840728343,"epoch":61,"_step":61,"_wandb":{"runtime":3086},"val/recall":0.8955943831064422,"train/f1":0.8584118352751852,"val/auc":0.999256182150659,"train/recall":0.8740904627252399,"train/precision":0.8432857542361757,"val/f1":0.8789648098469307,"train/auc":0.9989928207688414,"_timestamp":1.7417642078843472e+09}